INSERT INTO standard (id,description,max_value,min_value,title,place_id,regulation_id) VALUES (1,'Dopuszczalna norma hałasu wyznaczona w oparciu o rozporządzenie Ministra Środowiska (załącznik nr. 1 rozporządzenia Ministra Środowiska Dz.U. 2012 poz. 1109 z dnia 1.10.2012r)',50,45,NULL,1,1),(2,'Dopuszczalna norma hałasu wyznaczona w oparciu o rozporządzenie Ministra Środowiska (załącznik nr. 1 rozporządzenia Ministra Środowiska Dz.U. 2012 poz. 1109 z dnia 1.10.2012r)',61,56,NULL,2,1),(3,'Dopuszczalna norma hałasu wyznaczona w oparciu o rozporządzenie Ministra Środowiska (załącznik nr. 1 rozporządzenia Ministra Środowiska Dz.U. 2012 poz. 1109 z dnia 1.10.2012r)',65,56,NULL,3,1),(4,'Dopuszczalna norma hałasu wyznaczona w oparciu o rozporządzenie Ministra Środowiska (załącznik nr. 1 rozporządzenia Ministra Środowiska Dz.U. 2012 poz. 1109 z dnia 1.10.2012r)',68,60,NULL,4,1),(5,'Zakresy wartości hałasu powodujące w.w. dolegliwość/chorobę, wyznaczone na podstawie badań naukowych',75,68,'Utrata słuchu',5,2),(6,'Zakresy wartości hałasu powodujące w.w. dolegliwość/chorobę, wyznaczone na podstawie badań naukowych',70,63,'Utrata słuchu',6,2),(7,'Zakresy wartości hałasu powodujące w.w. dolegliwość/chorobę, wyznaczone na podstawie badań naukowych',85,76,'Nadciśnienie',7,2),(8,'Zakresy wartości hałasu powodujące w.w. dolegliwość/chorobę, wyznaczone na podstawie badań naukowych',70,63,'Nadciśnienie',5,2),(9,'Zakresy wartości hałasu powodujące w.w. dolegliwość/chorobę, wyznaczone na podstawie badań naukowych',70,63,'Choroba niedokrwienna serca',5,2),(10,'Zakresy wartości hałasu powodujące w.w. dolegliwość/chorobę, wyznaczone na podstawie badań naukowych',55,50,'Irytacja',8,2),(11,'Zakresy wartości hałasu powodujące w.w. dolegliwość/chorobę, wyznaczone na podstawie badań naukowych',85,76,'Irytacja',7,2),(12,'Zakresy wartości hałasu powodujące w.w. dolegliwość/chorobę, wyznaczone na podstawie badań naukowych',42,37,'Irytacja',5,2);

INSERT INTO place (id,description,name,type,regulation_id) VALUES (1,NULL,'Uzdrowisko lub Szpital poza miastem',NULL,1),(2,NULL,'Dom jednorodzinny lub Szpital miejski',NULL,1),(3,NULL,'Dom wielorodzinny lub Blok lub Teren rekreacyjny lub Teren mieszkaniowo-usługowy',NULL,1),(4,NULL,'Strefa śródmiejska',NULL,1),(5,NULL,'Środowisko zamieszkania',NULL,2),(6,NULL,'Środowisko zawodowe',NULL,2),(7,NULL,'Środowisko zawodowe','Przemysłowe',2),(8,NULL,'Środowisko zawodowe','Biurowe',2); 

INSERT INTO regulation VALUES (1,'LAW'),(2,'SCIENTIFIC'); 

INSERT INTO user_role VALUES (1,'USER'),(2,'ADMIN');
